id_cliente,ingreso_mensual_fijo,ingreso_mensual_variable,ingreso_mensual,gastos_esenciales_mensuales,gastos_no_esenciales_mensuales,gastos_totales_del_mes,cuotas_mensuales_deuda,ahorro_mensual,ahorro_total,ratio_ahorro_neto,ratio_endeudamiento_dti,gastos_esenciales_ratio,gastos_estilo_vida_ratio,meses_supervivencia,frecuencia_transacciones_ocio,perfil_financiero
1,1706738.96,165017.59,1871756.55,531441.18,644985.76,1176426.94,189992.5,505337.11,269288.9,0.27,0.1015,0.2839,0.3446,0.51,32,Saludable
2,1624441.2,0.0,1624441.2,941545.24,536926.53,1478471.77,600308.47,-454339.04,0.0,-0.2797,0.3695,0.5796,0.3305,0.0,27,En Riesgo
3,1048551.14,574327.84,1622878.98,571183.17,141350.06,712533.23,449738.97,460606.78,9469757.69,0.2838,0.2771,0.352,0.0871,16.58,24,En Observación
4,473360.44,377183.88,850544.32,579451.22,165561.86,745013.08,136455.61,-30924.37,0.0,-0.0364,0.1604,0.6813,0.1947,0.0,6,Saludable
5,1136277.7,0.0,1136277.7,739110.3,130741.97,869852.27,284667.42,-18241.99,0.0,-0.0161,0.2505,0.6505,0.1151,0.0,34,En Observación
6,1904078.96,227673.27,2131752.23,1585414.0,652315.98,2237729.98,538677.03,-644654.78,0.0,-0.3024,0.2527,0.7437,0.306,0.0,20,En Observación
7,1182562.53,547881.67,1730444.2,848450.69,583446.44,1431897.13,389150.41,-90603.34,0.0,-0.0524,0.2249,0.4903,0.3372,0.0,35,En Observación
8,1485750.04,0.0,1485750.04,604789.85,421081.13,1025870.98,80675.43,379203.63,11091163.41,0.2552,0.0543,0.4071,0.2834,18.34,9,Saludable
9,1680381.29,0.0,1680381.29,677691.02,126719.37,804410.39,726392.85,149578.05,1438434.97,0.089,0.4323,0.4033,0.0754,2.12,7,En Riesgo
10,1799762.81,0.0,1799762.81,558097.65,551419.82,1109517.47,744077.61,-53832.27,0.0,-0.0299,0.4134,0.3101,0.3064,0.0,32,En Riesgo
11,1976316.84,0.0,1976316.84,422628.43,593132.36,1015760.79,249510.8,711045.25,4789264.65,0.3598,0.1263,0.2138,0.3001,11.33,33,Saludable
12,2320685.69,0.0,2320685.69,1028443.02,219878.22,1248321.24,126354.64,946009.81,6649694.73,0.4076,0.0544,0.4432,0.0947,6.47,5,Saludable
13,488437.59,0.0,488437.59,93549.24,173024.55,266573.79,56109.35,165754.45,1716374.47,0.3394,0.1149,0.1915,0.3542,18.35,27,Saludable
14,2421598.39,0.0,2421598.39,1460609.15,789312.86,2249922.01,258971.41,-87295.03,0.0,-0.036,0.1069,0.6032,0.3259,0.0,15,Saludable
15,794334.14,352985.23,1147319.37,330506.96,158429.84,488936.8,409863.15,248519.42,2797730.85,0.2166,0.3572,0.2881,0.1381,8.46,15,En Observación
16,912649.98,0.0,912649.98,432176.6,309699.58,741876.18,120796.03,49977.77,281888.93,0.0548,0.1324,0.4735,0.3393,0.65,27,Saludable
17,1079454.65,0.0,1079454.65,721401.75,77362.87,798764.62,266546.46,14143.57,162378.79,0.0131,0.2469,0.6683,0.0717,0.23,12,En Observación
18,718459.6,0.0,718459.6,289631.89,115972.35,405604.24,295130.76,17724.6,121334.29,0.0247,0.4108,0.4031,0.1614,0.42,34,En Riesgo
19,2139260.69,0.0,2139260.69,1509933.39,833195.6,2343128.99,53367.42,-257235.72,0.0,-0.1202,0.0249,0.7058,0.3895,0.0,24,Saludable
20,883446.73,0.0,883446.73,373702.4,193654.17,567356.57,264427.45,51662.71,163249.99,0.0585,0.2993,0.423,0.2192,0.44,3,En Observación
21,1574196.64,0.0,1574196.64,942605.86,114705.58,1057311.44,137941.56,378943.64,4877088.36,0.2407,0.0876,0.5988,0.0729,5.17,11,Saludable
22,450746.93,517091.52,967838.45,379649.47,412917.1,792566.57,82703.06,92568.82,1771613.23,0.0956,0.0855,0.3923,0.4266,4.67,20,Saludable
23,2356353.77,429715.08,2786068.85,816907.63,580378.09,1397285.72,543282.21,845500.92,1573154.66,0.3035,0.195,0.2932,0.2083,1.93,36,Saludable
24,2491412.19,127892.59,2619304.78,809680.15,1108761.54,1918441.69,346087.76,354775.33,9937046.35,0.1354,0.1321,0.3091,0.4233,12.27,39,Saludable
25,2464477.28,0.0,2464477.28,1151808.98,781597.34,1933406.32,803164.83,-272093.87,0.0,-0.1104,0.3259,0.4674,0.3171,0.0,35,En Observación
26,641985.4,126377.79,768363.19,273328.43,249717.15,523045.58,278747.04,-33429.43,0.0,-0.0435,0.3628,0.3557,0.325,0.0,17,En Riesgo
27,396990.88,78491.8,475482.68,350848.58,54505.91,405354.49,31512.77,38615.42,1211185.37,0.0812,0.0663,0.7379,0.1146,3.45,9,Saludable
28,1500298.64,0.0,1500298.64,749407.78,163888.89,913296.67,294416.73,292585.24,10054307.54,0.195,0.1962,0.4995,0.1092,13.42,13,Saludable
29,1800546.71,0.0,1800546.71,652170.95,493265.91,1145436.86,877531.37,-222421.52,0.0,-0.1235,0.4874,0.3622,0.274,0.0,11,En Riesgo
30,2239115.65,441938.68,2681054.33,936522.52,1132279.9,2068802.42,322625.4,289626.51,3261560.91,0.108,0.1203,0.3493,0.4223,3.48,2,Saludable
31,2188905.15,489951.96,2678857.11,1141680.52,460967.95,1602648.47,319592.54,756616.1,9637939.77,0.2824,0.1193,0.4262,0.1721,8.44,17,Saludable
32,1072521.48,0.0,1072521.48,598156.89,415563.96,1013720.85,53274.8,5525.83,136886.11,0.0052,0.0497,0.5577,0.3875,0.23,2,Saludable
33,538485.6,0.0,538485.6,316159.45,94488.57,410648.02,122081.93,5755.65,49502.13,0.0107,0.2267,0.5871,0.1755,0.16,0,En Observación
34,1443824.77,0.0,1443824.77,811594.53,615221.31,1426815.84,588826.9,-571817.97,0.0,-0.396,0.4078,0.5621,0.4261,0.0,7,En Riesgo
35,1883459.38,185570.8,2069030.18,817340.88,436482.93,1253823.81,838188.09,-22981.72,0.0,-0.0111,0.4051,0.395,0.211,0.0,39,En Riesgo
36,1552031.56,0.0,1552031.56,1009185.4,266250.98,1275436.38,48931.52,227663.66,3287947.56,0.1467,0.0315,0.6502,0.1715,3.26,32,Saludable
37,1341009.61,0.0,1341009.61,841637.55,158073.6,999711.15,17056.74,324241.72,9324168.4,0.2418,0.0127,0.6276,0.1179,11.08,19,Saludable
38,794209.47,14655.23,808864.7,240156.4,194171.64,434328.04,130165.93,244370.73,1585165.62,0.3021,0.1609,0.2969,0.2401,6.6,31,Saludable
39,1179236.3,412573.45,1591809.75,1091338.23,627453.56,1718791.79,424636.04,-551618.08,0.0,-0.3465,0.2668,0.6856,0.3942,0.0,35,En Observación
40,848236.22,0.0,848236.22,359547.91,314328.05,673875.96,380741.92,-206381.66,0.0,-0.2433,0.4489,0.4239,0.3706,0.0,32,En Riesgo
41,1238829.67,0.0,1238829.67,517271.06,140809.3,658080.36,269458.42,311290.89,3107394.0,0.2513,0.2175,0.4175,0.1137,6.01,31,En Observación
42,1678846.56,46490.01,1725336.57,554586.82,273786.83,828373.65,82740.99,814221.93,19034691.0,0.4719,0.048,0.3214,0.1587,34.32,4,Saludable
43,1212709.37,279554.58,1492263.95,279589.72,571770.58,851360.3,87180.33,553723.32,14362156.38,0.3711,0.0584,0.1874,0.3832,51.37,30,Saludable
44,312971.38,452085.08,765056.46,506519.99,330024.04,836544.03,200542.22,-272029.79,0.0,-0.3556,0.2621,0.6621,0.4314,0.0,27,En Observación
45,1368412.39,401324.17,1769736.56,1112961.47,601130.93,1714092.4,223121.04,-167476.88,0.0,-0.0946,0.1261,0.6289,0.3397,0.0,1,Saludable
46,484684.42,0.0,484684.42,324792.27,59466.71,384258.98,18914.06,81511.38,1420785.64,0.1682,0.039,0.6701,0.1227,4.37,26,Saludable
47,854997.37,11629.97,866627.34,410479.28,389950.35,800429.63,214509.0,-148311.29,0.0,-0.1711,0.2475,0.4737,0.45,0.0,12,En Observación
48,2146303.46,0.0,2146303.46,629139.42,513877.47,1143016.89,36827.17,966459.4,10849299.97,0.4503,0.0172,0.2931,0.2394,17.24,7,Saludable
49,2011142.15,186623.35,2197765.5,1092752.83,926478.74,2019231.57,865538.82,-687004.89,0.0,-0.3126,0.3938,0.4972,0.4216,0.0,40,En Riesgo
50,834268.64,0.0,834268.64,276100.88,270055.78,546156.66,100804.01,187307.97,3216477.33,0.2245,0.1208,0.3309,0.3237,11.65,4,Saludable
51,1413113.74,509745.38,1922859.12,1237164.77,177317.51,1414482.28,471749.96,36626.88,551489.25,0.019,0.2453,0.6434,0.0922,0.45,17,En Observación
52,1655007.18,0.0,1655007.18,1017473.37,390498.13,1407971.5,204989.5,42046.18,779550.96,0.0254,0.1239,0.6148,0.2359,0.77,28,Saludable
53,836499.57,0.0,836499.57,431800.26,168634.73,600434.99,3601.13,232463.45,4048181.22,0.2779,0.0043,0.5162,0.2016,9.38,38,Saludable
54,1842604.25,6090.67,1848694.92,1328911.32,155743.65,1484654.97,412788.95,-48749.0,0.0,-0.0264,0.2233,0.7188,0.0842,0.0,1,En Observación
55,504717.37,415072.29,919789.66,306955.53,259953.01,566908.54,211218.92,141662.2,1573228.27,0.154,0.2296,0.3337,0.2826,5.13,17,En Observación
56,974570.58,432770.6,1407341.18,477551.35,488561.9,966113.25,356795.52,84432.41,698092.41,0.06,0.2535,0.3393,0.3472,1.46,33,En Observación
57,1612939.63,0.0,1612939.63,1047728.52,271778.05,1319506.57,87311.91,206121.15,117897.09,0.1278,0.0541,0.6496,0.1685,0.11,18,Saludable
58,1834318.26,521076.72,2355394.98,1047037.17,940009.62,1987046.79,202822.2,165525.99,351141.59,0.0703,0.0861,0.4445,0.3991,0.34,30,Saludable
59,550991.71,295047.94,846039.65,419815.61,274607.89,694423.5,19255.06,132361.09,948783.29,0.1564,0.0228,0.4962,0.3246,2.26,26,Saludable
60,1633898.83,0.0,1633898.83,466334.79,423227.2,889561.99,841525.98,-97189.14,0.0,-0.0595,0.515,0.2854,0.259,0.0,39,En Riesgo
61,2412239.31,457642.26,2869881.57,1507574.67,447295.29,1954869.96,34949.76,880061.85,11912944.04,0.3067,0.0122,0.5253,0.1559,7.9,30,Saludable
62,940770.44,424173.5,1364943.94,780464.76,316138.12,1096602.88,393904.61,-125563.55,0.0,-0.092,0.2886,0.5718,0.2316,0.0,27,En Observación
63,552507.87,89393.64,641901.51,198591.16,68615.75,267206.91,172603.65,202090.95,4659435.88,0.3148,0.2689,0.3094,0.1069,23.46,29,En Observación
64,1815091.58,0.0,1815091.58,1298889.96,454115.71,1753005.67,134442.53,-72356.62,0.0,-0.0399,0.0741,0.7156,0.2502,0.0,5,Saludable
65,803633.71,0.0,803633.71,535469.28,228914.4,764383.68,212733.14,-173483.11,0.0,-0.2159,0.2647,0.6663,0.2848,0.0,33,En Observación
66,1733320.88,0.0,1733320.88,448745.49,492491.67,941237.16,165042.84,627040.88,6795010.67,0.3618,0.0952,0.2589,0.2841,15.14,10,Saludable
67,1025568.06,0.0,1025568.06,331187.39,439022.52,770209.91,125155.1,130203.05,1777680.51,0.127,0.122,0.3229,0.4281,5.37,25,Saludable
68,2202803.28,0.0,2202803.28,331941.84,876158.38,1208100.22,348330.63,646372.43,8094655.75,0.2934,0.1581,0.1507,0.3977,24.39,3,Saludable
69,747828.12,0.0,747828.12,528418.08,168445.62,696863.7,125795.09,-74830.67,0.0,-0.1001,0.1682,0.7066,0.2252,0.0,35,Saludable
70,330083.82,0.0,330083.82,94014.6,127597.95,221612.55,5617.75,102853.52,1943120.4,0.3116,0.017,0.2848,0.3866,20.67,17,Saludable
71,1214078.75,0.0,1214078.75,526099.01,282533.84,808632.85,216824.21,188621.69,336322.1,0.1554,0.1786,0.4333,0.2327,0.64,26,Saludable
72,1047725.53,0.0,1047725.53,325113.0,53461.35,378574.35,288775.57,380375.61,8316350.51,0.363,0.2756,0.3103,0.051,25.58,30,En Observación
73,1059272.67,0.0,1059272.67,504275.27,245897.28,750172.55,188866.05,120234.07,1008925.89,0.1135,0.1783,0.4761,0.2321,2.0,2,Saludable
74,999987.92,0.0,999987.92,698049.67,202490.01,900539.68,148260.31,-48812.07,0.0,-0.0488,0.1483,0.6981,0.2025,0.0,37,Saludable
75,1030388.35,507023.65,1537412.0,322590.58,636760.18,959350.76,795969.3,-217908.06,0.0,-0.1417,0.5177,0.2098,0.4142,0.0,16,En Riesgo
76,1044834.71,0.0,1044834.71,564108.34,408223.31,972331.65,133583.37,-61080.31,0.0,-0.0585,0.1279,0.5399,0.3907,0.0,34,Saludable
77,378978.02,378696.61,757674.63,532309.96,340173.46,872483.42,162972.57,-277781.36,0.0,-0.3666,0.2151,0.7026,0.449,0.0,19,En Observación
78,2287532.94,477686.08,2765219.02,901518.55,552868.04,1454386.59,635101.53,675730.9,1534408.68,0.2444,0.2297,0.326,0.1999,1.7,24,En Observación
79,1663362.81,547697.41,2211060.22,521524.17,518405.1,1039929.27,416340.44,754790.51,22280470.56,0.3414,0.1883,0.2359,0.2345,42.72,10,Saludable
80,462496.18,0.0,462496.18,343445.51,78467.89,421913.4,66740.22,-26157.44,0.0,-0.0566,0.1443,0.7426,0.1697,0.0,6,Saludable
81,821852.54,0.0,821852.54,406724.27,367431.22,774155.49,36395.42,11301.63,211192.67,0.0138,0.0443,0.4949,0.4471,0.52,3,Saludable
82,2303357.3,0.0,2303357.3,1496498.93,947080.56,2443579.49,268021.3,-408243.49,0.0,-0.1772,0.1164,0.6497,0.4112,0.0,8,Saludable
83,1682145.83,0.0,1682145.83,904665.37,291975.36,1196640.73,111229.33,374275.77,3867874.33,0.2225,0.0661,0.5378,0.1736,4.28,11,Saludable
84,741748.55,0.0,741748.55,501330.31,145637.14,646967.45,253037.21,-158256.11,0.0,-0.2134,0.3411,0.6759,0.1963,0.0,18,En Observación
85,1942430.57,69101.82,2011532.39,1463864.49,213831.54,1677696.03,967656.06,-633819.7,0.0,-0.3151,0.4811,0.7277,0.1063,0.0,23,En Riesgo
86,498666.33,158675.15,657341.48,147345.22,129781.73,277126.95,124450.66,255763.87,3103458.41,0.3891,0.1893,0.2242,0.1974,21.06,30,Saludable
87,355054.23,0.0,355054.23,172856.17,147738.9,320595.07,179644.6,-145185.44,0.0,-0.4089,0.506,0.4868,0.4161,0.0,8,En Riesgo
88,399762.98,597556.42,997319.4,219083.43,143534.22,362617.65,391700.07,243001.68,4790062.46,0.2437,0.3928,0.2197,0.1439,21.86,37,En Riesgo
89,1932991.83,248930.72,2181922.55,456922.91,536183.06,993105.97,133571.59,1055244.99,19462774.05,0.4836,0.0612,0.2094,0.2457,42.6,23,Saludable
90,518580.17,0.0,518580.17,247196.54,228764.91,475961.45,27900.17,14718.55,318696.32,0.0284,0.0538,0.4767,0.4411,1.29,13,Saludable
91,1711749.83,0.0,1711749.83,278697.65,624305.69,903003.34,62539.35,746207.14,9998697.01,0.4359,0.0365,0.1628,0.3647,35.88,13,Saludable
92,2088716.56,464621.15,2553337.71,1591204.96,736363.84,2327568.8,106196.45,119572.46,1371250.64,0.0468,0.0416,0.6232,0.2884,0.86,1,Saludable
93,589967.11,473058.92,1063026.03,535033.49,59861.58,594895.07,42313.89,425817.07,685374.37,0.4006,0.0398,0.5033,0.0563,1.28,23,Saludable
94,1429123.51,302303.21,1731426.72,1241864.75,116604.69,1358469.44,203415.02,169542.26,2087290.85,0.0979,0.1175,0.7172,0.0673,1.68,30,Saludable
95,2164056.79,0.0,2164056.79,464789.84,724873.6,1189663.44,143984.11,830409.24,3251432.77,0.3837,0.0665,0.2148,0.335,7.0,37,Saludable
96,1506384.15,596776.65,2103160.8,984981.93,486852.63,1471834.56,999936.98,-368610.74,0.0,-0.1753,0.4754,0.4683,0.2315,0.0,13,En Riesgo
97,1246153.87,0.0,1246153.87,496328.31,474744.36,971072.67,74531.87,200549.33,2131435.53,0.1609,0.0598,0.3983,0.381,4.29,30,Saludable
98,447693.28,0.0,447693.28,92197.09,39677.16,131874.25,121667.54,194151.49,2342083.15,0.4337,0.2718,0.2059,0.0886,25.4,7,En Observación
99,1203778.99,0.0,1203778.99,860314.27,263837.95,1124152.22,165371.01,-85744.24,0.0,-0.0712,0.1374,0.7147,0.2192,0.0,9,Saludable
100,1744819.87,64931.03,1809750.9,1189411.82,356565.12,1545976.94,427309.33,-163535.37,0.0,-0.0904,0.2361,0.6572,0.197,0.0,39,En Observación
101,1784948.76,0.0,1784948.76,919957.15,558925.45,1478882.6,275494.31,30571.85,624686.77,0.0171,0.1543,0.5154,0.3131,0.68,11,Saludable
102,2213697.95,0.0,2213697.95,864383.98,236311.95,1100695.93,210247.74,902754.28,8279388.21,0.4078,0.095,0.3905,0.1067,9.58,23,Saludable
103,985602.21,564844.45,1550446.66,787214.89,625352.31,1412567.2,36182.75,101696.71,1105762.67,0.0656,0.0233,0.5077,0.4033,1.4,38,Saludable
104,1272497.21,452965.89,1725463.1,376652.21,382993.2,759645.41,434424.91,531392.78,569730.92,0.308,0.2518,0.2183,0.222,1.51,38,En Observación
105,420520.31,567194.45,987714.76,602910.69,351294.94,954205.63,42883.68,-9374.55,0.0,-0.0095,0.0434,0.6104,0.3557,0.0,14,Saludable
106,1400577.16,0.0,1400577.16,887573.91,110407.78,997981.69,426735.39,-24139.92,0.0,-0.0172,0.3047,0.6337,0.0788,0.0,36,En Observación
107,1189730.35,0.0,1189730.35,385126.57,252238.21,637364.78,172427.56,379938.01,5901499.34,0.3193,0.1449,0.3237,0.212,15.32,27,Saludable
108,2157865.59,353322.77,2511188.36,1166139.44,523097.31,1689236.75,116873.68,705077.93,5216999.33,0.2808,0.0465,0.4644,0.2083,4.47,32,Saludable
109,726588.15,0.0,726588.15,262051.17,314822.9,576874.07,70345.68,79368.4,216923.9,0.1092,0.0968,0.3607,0.4333,0.83,4,Saludable
110,689721.48,0.0,689721.48,307940.1,242629.07,550569.17,149901.16,-10748.85,0.0,-0.0156,0.2173,0.4465,0.3518,0.0,40,En Observación
111,995505.57,0.0,995505.57,429413.97,301194.24,730608.21,118912.59,145984.77,810133.78,0.1466,0.1194,0.4314,0.3026,1.89,23,Saludable
112,2129732.59,518550.02,2648282.61,1756277.53,783900.54,2540178.07,581051.08,-472946.54,0.0,-0.1786,0.2194,0.6632,0.296,0.0,36,En Observación
113,1734042.4,285377.42,2019419.82,485704.08,150950.58,636654.66,575270.16,807495.0,6677997.08,0.3999,0.2849,0.2405,0.0747,13.75,15,En Observación
114,1856767.75,0.0,1856767.75,862359.32,545745.19,1408104.51,534174.48,-85511.24,0.0,-0.0461,0.2877,0.4644,0.2939,0.0,40,En Observación
115,1724071.79,56703.57,1780775.36,991941.04,291439.54,1283380.58,937730.79,-440336.01,0.0,-0.2473,0.5266,0.557,0.1637,0.0,9,En Riesgo
116,2316842.2,393632.83,2710475.03,1483391.74,275331.85,1758723.59,441015.57,510735.87,2506492.39,0.1884,0.1627,0.5473,0.1016,1.69,33,Saludable
117,505596.52,0.0,505596.52,230093.48,28966.74,259060.22,147975.66,98560.64,817509.32,0.1949,0.2927,0.4551,0.0573,3.55,9,En Observación
118,469763.19,0.0,469763.19,98971.8,168339.59,267311.39,58846.28,143605.52,1655750.93,0.3057,0.1253,0.2107,0.3583,16.73,24,Saludable
119,639356.07,415707.38,1055063.45,553744.03,433696.91,987440.94,165174.26,-97551.75,0.0,-0.0925,0.1566,0.5248,0.4111,0.0,28,Saludable
120,814806.48,579357.98,1394164.46,865249.34,573823.78,1439073.12,40573.57,-85482.23,0.0,-0.0613,0.0291,0.6206,0.4116,0.0,32,Saludable
121,1460411.53,0.0,1460411.53,934860.16,541087.86,1475948.02,672219.77,-687756.26,0.0,-0.4709,0.4603,0.6401,0.3705,0.0,33,En Riesgo
122,2172565.31,457870.1,2630435.41,825101.25,1084061.57,1909162.82,58138.67,663133.92,6619342.43,0.2521,0.0221,0.3137,0.4121,8.02,1,Saludable
123,1212773.19,224376.89,1437150.08,548559.71,118769.21,667328.92,284272.21,485548.95,2528607.34,0.3379,0.1978,0.3817,0.0826,4.61,2,Saludable
124,931134.67,0.0,931134.67,528552.26,98250.61,626802.87,98542.38,205789.42,1993572.33,0.221,0.1058,0.5676,0.1055,3.77,35,Saludable
125,2368497.09,0.0,2368497.09,956761.16,853769.9,1810531.06,398564.18,159401.85,1274217.51,0.0673,0.1683,0.404,0.3605,1.33,31,Saludable
126,1612825.89,309225.44,1922051.33,567318.21,206487.39,773805.6,123752.88,1024492.85,9238983.47,0.533,0.0644,0.2952,0.1074,16.29,23,Saludable
127,448894.51,0.0,448894.51,203976.15,199907.36,403883.51,93625.06,-48614.06,0.0,-0.1083,0.2086,0.4544,0.4453,0.0,1,En Observación
128,1085606.53,144675.55,1230282.08,669596.57,112528.42,782124.99,107385.78,340771.31,3648669.51,0.277,0.0873,0.5443,0.0915,5.45,29,Saludable
129,2457802.21,0.0,2457802.21,637472.29,255466.5,892938.79,263984.57,1300878.85,40650518.21,0.5293,0.1074,0.2594,0.1039,63.77,20,Saludable
130,2353416.16,0.0,2353416.16,1749702.84,628861.7,2378564.54,89422.91,-114571.29,0.0,-0.0487,0.038,0.7435,0.2672,0.0,21,Saludable
131,901076.53,0.0,901076.53,371397.46,189233.92,560631.38,59435.45,281009.7,4415046.49,0.3119,0.066,0.4122,0.21,11.89,33,Saludable
132,886785.53,254699.8,1141485.33,466141.85,511430.25,977572.1,30898.26,133014.97,992853.01,0.1165,0.0271,0.4084,0.448,2.13,27,Saludable
133,666618.5,0.0,666618.5,278831.72,227134.09,505965.81,161473.48,-820.79,0.0,-0.0012,0.2422,0.4183,0.3407,0.0,40,En Observación
134,1193662.51,0.0,1193662.51,716124.44,136071.19,852195.63,5575.71,335891.17,782112.72,0.2814,0.0047,0.5999,0.114,1.09,23,Saludable
135,1096731.28,0.0,1096731.28,185820.49,122148.74,307969.23,74016.62,714745.43,2232999.71,0.6517,0.0675,0.1694,0.1114,12.02,20,Saludable
136,1729033.62,68069.17,1797102.79,1062815.42,448588.46,1511403.88,104318.42,181380.49,3487301.24,0.1009,0.058,0.5914,0.2496,3.28,18,Saludable
137,1826757.41,0.0,1826757.41,493419.97,190515.03,683935.0,873815.66,269006.75,9189891.64,0.1473,0.4783,0.2701,0.1043,18.62,20,En Riesgo
138,1769247.54,0.0,1769247.54,849235.79,293951.48,1143187.27,307187.0,318873.27,1249727.22,0.1802,0.1736,0.48,0.1661,1.47,14,Saludable
139,566997.4,83326.12,650323.52,405947.44,39353.42,445300.86,133535.27,71487.39,594664.11,0.1099,0.2053,0.6242,0.0605,1.46,19,En Observación
140,1175951.96,0.0,1175951.96,514125.1,252027.73,766152.83,72221.12,337578.01,648269.46,0.2871,0.0614,0.4372,0.2143,1.26,33,Saludable
141,1057932.52,0.0,1057932.52,653969.19,323640.15,977609.34,431799.99,-351476.81,0.0,-0.3322,0.4082,0.6182,0.3059,0.0,9,En Riesgo
142,969073.99,560842.7,1529916.69,436457.95,656323.94,1092781.89,119080.56,318054.24,5989813.85,0.2079,0.0778,0.2853,0.429,13.72,40,Saludable
143,966214.13,0.0,966214.13,436288.08,113486.06,549774.14,167279.82,249160.17,5744279.4,0.2579,0.1731,0.4515,0.1175,13.17,36,Saludable
144,390627.47,0.0,390627.47,77630.85,167742.76,245373.61,74101.4,71152.46,518139.19,0.1821,0.1897,0.1987,0.4294,6.67,40,Saludable
145,1500270.46,0.0,1500270.46,496974.29,221966.76,718941.05,316427.86,464901.55,1783363.73,0.3099,0.2109,0.3313,0.148,3.59,29,En Observación
146,748850.63,0.0,748850.63,252774.16,252621.13,505395.29,82470.89,160984.45,1729735.93,0.215,0.1101,0.3375,0.3373,6.84,20,Saludable
147,831823.29,269757.61,1101580.9,258350.0,77377.37,335727.37,445626.58,320226.95,10736209.46,0.2907,0.4045,0.2345,0.0702,41.56,36,En Riesgo
148,1886482.54,95605.45,1982087.99,1481772.6,469211.85,1950984.45,261360.8,-230257.26,0.0,-0.1162,0.1319,0.7476,0.2367,0.0,37,Saludable
149,1076369.2,296936.52,1373305.72,933028.97,428064.91,1361093.88,96938.94,-84727.1,0.0,-0.0617,0.0706,0.6794,0.3117,0.0,25,Saludable
150,1105062.18,0.0,1105062.18,543877.33,141295.59,685172.92,177947.9,241941.36,2899682.4,0.2189,0.161,0.4922,0.1279,5.33,39,Saludable
151,561384.24,0.0,561384.24,216886.44,206566.32,423452.76,28553.57,109377.91,1503682.99,0.1948,0.0509,0.3863,0.368,6.93,2,Saludable
152,385610.73,0.0,385610.73,243852.33,99384.64,343236.97,129158.48,-86784.72,0.0,-0.2251,0.3349,0.6324,0.2577,0.0,39,En Observación
153,1926502.59,201824.07,2128326.66,1376971.23,559613.55,1936584.78,226264.47,-34522.59,0.0,-0.0162,0.1063,0.647,0.2629,0.0,37,Saludable
154,976891.23,0.0,976891.23,657701.27,294732.18,952433.45,453177.64,-428719.86,0.0,-0.4389,0.4639,0.6733,0.3017,0.0,3,En Riesgo
155,1583751.21,377415.14,1961166.35,1023417.96,757925.78,1781343.74,603828.66,-424006.05,0.0,-0.2162,0.3079,0.5218,0.3865,0.0,20,En Observación
156,1221316.66,0.0,1221316.66,332607.28,306218.04,638825.32,269594.44,312896.9,6096221.14,0.2562,0.2207,0.2723,0.2507,18.33,35,En Observación
157,1015108.98,0.0,1015108.98,472316.29,178152.68,650468.97,26369.86,338270.15,8920046.15,0.3332,0.026,0.4653,0.1755,18.89,16,Saludable
158,1642168.48,147911.48,1790079.96,867923.83,250515.99,1118439.82,261238.17,410401.97,6096766.4,0.2293,0.1459,0.4849,0.1399,7.02,22,Saludable
159,1533072.7,0.0,1533072.7,893779.28,253134.45,1146913.73,131877.24,254281.73,3146009.37,0.1659,0.086,0.583,0.1651,3.52,9,Saludable
160,938995.83,428484.77,1367480.6,489309.32,310350.33,799659.65,52602.32,515218.63,16034582.59,0.3768,0.0385,0.3578,0.227,32.77,8,Saludable
161,540298.48,0.0,540298.48,158615.01,37986.32,196601.33,73360.45,270336.7,2331007.36,0.5003,0.1358,0.2936,0.0703,14.7,8,Saludable
162,311399.18,0.0,311399.18,220302.4,66254.22,286556.62,43675.23,-18832.67,0.0,-0.0605,0.1403,0.7075,0.2128,0.0,3,Saludable
163,2297461.31,344480.01,2641941.32,1244595.75,896270.86,2140866.61,908210.11,-407135.4,0.0,-0.1541,0.3438,0.4711,0.3392,0.0,25,En Observación
164,2033513.39,449401.92,2482915.31,1671931.63,411634.56,2083566.19,1119039.36,-719690.24,0.0,-0.2899,0.4507,0.6734,0.1658,0.0,34,En Riesgo
165,1453500.78,0.0,1453500.78,335060.95,365824.44,700885.39,394366.86,358248.53,7915586.34,0.2465,0.2713,0.2305,0.2517,23.62,0,En Observación
166,1920559.37,0.0,1920559.37,942358.43,677790.56,1620148.99,534725.93,-234315.55,0.0,-0.122,0.2784,0.4907,0.3529,0.0,6,En Observación
167,706518.64,194161.0,900679.64,269148.52,138987.58,408136.1,31819.38,460724.16,3720334.76,0.5115,0.0353,0.2988,0.1543,13.82,23,Saludable
168,1824090.9,70934.91,1895025.81,633097.43,402061.27,1035158.7,142843.39,717023.72,3408227.09,0.3784,0.0754,0.3341,0.2122,5.38,18,Saludable
169,1108596.59,574416.32,1683012.91,735323.72,390444.64,1125768.36,800247.7,-243003.15,0.0,-0.1444,0.4755,0.4369,0.232,0.0,13,En Riesgo
170,1976091.16,0.0,1976091.16,1002843.89,721171.06,1724014.95,771557.32,-519481.11,0.0,-0.2629,0.3904,0.5075,0.3649,0.0,32,En Riesgo
171,744744.91,0.0,744744.91,185234.66,291786.89,477021.55,49358.78,218364.58,4952999.91,0.2932,0.0663,0.2487,0.3918,26.74,3,Saludable
172,1297551.06,0.0,1297551.06,550264.27,94844.12,645108.39,89993.92,562448.75,16055956.66,0.4335,0.0694,0.4241,0.0731,29.18,37,Saludable
173,460664.96,0.0,460664.96,262685.41,122751.27,385436.68,4163.65,71064.63,339313.64,0.1543,0.009,0.5702,0.2665,1.29,8,Saludable
174,1984820.9,0.0,1984820.9,1066897.78,432978.31,1499876.09,1026956.4,-542011.59,0.0,-0.2731,0.5174,0.5375,0.2181,0.0,34,En Riesgo
175,592577.57,0.0,592577.57,131066.25,264964.37,396030.62,100206.09,96340.86,3096392.14,0.1626,0.1691,0.2212,0.4471,23.62,29,Saludable
176,1781699.69,0.0,1781699.69,835902.52,675877.4,1511779.92,657291.17,-387371.4,0.0,-0.2174,0.3689,0.4692,0.3793,0.0,26,En Riesgo
177,1652831.06,0.0,1652831.06,1129585.75,241753.84,1371339.59,395178.06,-113686.59,0.0,-0.0688,0.2391,0.6834,0.1463,0.0,2,En Observación
178,1184983.77,130361.53,1315345.3,878963.9,95464.62,974428.52,254373.99,86542.79,832726.17,0.0658,0.1934,0.6682,0.0726,0.95,20,Saludable
179,821188.88,0.0,821188.88,608843.67,212277.67,821121.34,157071.33,-157003.79,0.0,-0.1912,0.1913,0.7414,0.2585,0.0,27,Saludable
180,1522871.47,206648.9,1729520.37,927005.0,350161.9,1277166.9,136060.43,316293.04,1641781.29,0.1829,0.0787,0.536,0.2025,1.77,15,Saludable
181,2168550.05,424546.08,2593096.13,1642637.44,1078459.53,2721096.97,218748.12,-346748.96,0.0,-0.1337,0.0844,0.6335,0.4159,0.0,5,Saludable
182,2328897.43,0.0,2328897.43,478538.11,791438.26,1269976.37,443117.54,615803.52,9089949.64,0.2644,0.1903,0.2055,0.3398,19.0,37,Saludable
183,1893471.53,0.0,1893471.53,828652.3,753203.17,1581855.47,575299.94,-263683.88,0.0,-0.1393,0.3038,0.4376,0.3978,0.0,30,En Observación
184,2311770.85,0.0,2311770.85,1322936.64,482357.52,1805294.16,82991.75,423484.94,5712297.85,0.1832,0.0359,0.5723,0.2087,4.32,23,Saludable
185,1428196.39,0.0,1428196.39,298728.61,632016.01,930744.62,100578.68,396873.09,4768293.19,0.2779,0.0704,0.2092,0.4425,15.96,14,Saludable
186,1930755.23,331986.94,2262742.17,1132319.49,764817.66,1897137.15,406001.04,-40396.02,0.0,-0.0179,0.1794,0.5004,0.338,0.0,21,Saludable
187,866118.87,0.0,866118.87,632184.46,265619.41,897803.87,63737.11,-95422.11,0.0,-0.1102,0.0736,0.7299,0.3067,0.0,34,Saludable
188,2478711.79,0.0,2478711.79,1151031.09,955859.18,2106890.27,27636.55,344184.97,1478106.24,0.1389,0.0111,0.4644,0.3856,1.28,4,Saludable
189,1855773.04,303439.75,2159212.79,807373.74,641575.74,1448949.48,215949.8,494313.51,93720.74,0.2289,0.1,0.3739,0.2971,0.12,0,Saludable
190,336797.52,0.0,336797.52,158780.79,55462.27,214243.06,137293.25,-14738.79,0.0,-0.0438,0.4076,0.4714,0.1647,0.0,33,En Riesgo
191,627574.47,315873.59,943448.06,602984.67,148055.2,751039.87,194310.43,-1902.24,0.0,-0.002,0.206,0.6391,0.1569,0.0,5,En Observación
192,1738218.58,0.0,1738218.58,1052928.53,151920.66,1204849.19,98886.57,434482.82,2010165.27,0.25,0.0569,0.6058,0.0874,1.91,27,Saludable
193,1718795.93,586397.53,2305193.46,1692712.43,940326.41,2633038.84,425227.45,-753072.83,0.0,-0.3267,0.1845,0.7343,0.4079,0.0,4,Saludable
194,1805743.24,325818.42,2131561.66,1161414.5,259500.16,1420914.66,271910.83,438736.17,13465500.32,0.2058,0.1276,0.5449,0.1217,11.59,4,Saludable
195,958409.16,0.0,958409.16,469637.31,373565.82,843203.13,221473.37,-106267.34,0.0,-0.1109,0.2311,0.49,0.3898,0.0,5,En Observación
196,1401744.27,0.0,1401744.27,255422.84,315161.6,570584.44,690010.6,141149.23,2008134.69,0.1007,0.4923,0.1822,0.2248,7.86,1,En Riesgo
197,1695070.48,0.0,1695070.48,712489.17,239437.78,951926.95,349716.85,393426.68,5355925.73,0.2321,0.2063,0.4203,0.1413,7.52,18,En Observación
198,2055721.38,0.0,2055721.38,409546.58,229600.2,639146.78,219451.49,1197123.11,1399059.96,0.5823,0.1068,0.1992,0.1117,3.42,19,Saludable
199,1278418.9,0.0,1278418.9,270179.58,108561.92,378741.5,82645.85,817031.55,2105608.04,0.6391,0.0646,0.2113,0.0849,7.79,38,Saludable
200,1615696.36,231142.75,1846839.11,600422.93,378823.31,979246.24,971994.92,-104402.05,0.0,-0.0565,0.5263,0.3251,0.2051,0.0,24,En Riesgo
201,672903.84,161044.08,833947.92,198113.41,97474.3,295587.71,34520.67,503839.54,16249800.23,0.6042,0.0414,0.2376,0.1169,82.02,31,Saludable
202,1606374.08,64183.42,1670557.5,555952.84,717553.54,1273506.38,83248.19,313802.93,3909781.36,0.1878,0.0498,0.3328,0.4295,7.03,38,Saludable
203,599473.84,568367.35,1167841.19,315913.76,205158.53,521072.29,344873.76,301895.14,4366711.95,0.2585,0.2953,0.2705,0.1757,13.82,15,En Observación
204,1016949.72,471519.92,1488469.64,549259.17,629364.95,1178624.12,445930.23,-136084.71,0.0,-0.0914,0.2996,0.369,0.4228,0.0,13,En Observación
205,1264600.9,415701.17,1680302.07,1077711.03,618792.63,1696503.66,103122.22,-119323.81,0.0,-0.071,0.0614,0.6414,0.3683,0.0,24,Saludable
206,462723.3,0.0,462723.3,202460.33,97320.91,299781.24,35163.22,127778.84,2268163.93,0.2761,0.076,0.4375,0.2103,11.2,34,Saludable
207,1606403.88,0.0,1606403.88,346375.46,239823.87,586199.33,281041.6,739162.95,15140007.68,0.4601,0.175,0.2156,0.1493,43.71,21,Saludable
208,2424576.91,0.0,2424576.91,379030.87,372161.28,751192.15,552366.3,1121018.46,11729941.66,0.4624,0.2278,0.1563,0.1535,30.95,37,En Observación
209,1818962.07,598621.64,2417583.71,1062921.26,406572.03,1469493.29,393771.73,554318.69,4231529.18,0.2293,0.1629,0.4397,0.1682,3.98,13,Saludable
210,1446452.63,58573.82,1505026.45,877725.96,347629.32,1225355.28,15164.87,264506.3,1301605.71,0.1757,0.0101,0.5832,0.231,1.48,10,Saludable
211,2345829.38,0.0,2345829.38,1078134.6,635166.42,1713301.02,501902.88,130625.48,1385217.11,0.0557,0.214,0.4596,0.2708,1.28,27,En Observación
212,1170281.23,0.0,1170281.23,795625.55,268965.74,1064591.29,75404.64,30285.3,779877.79,0.0259,0.0644,0.6799,0.2298,0.98,36,Saludable
213,523854.51,0.0,523854.51,137342.03,94500.19,231842.22,35953.48,256058.81,4932695.98,0.4888,0.0686,0.2622,0.1804,35.92,39,Saludable
214,1163596.81,211190.95,1374787.76,583894.84,163614.87,747509.71,371319.19,255958.86,3603602.94,0.1862,0.2701,0.4247,0.119,6.17,15,En Observación
215,971836.01,416061.93,1387897.94,633568.36,301584.17,935152.53,288067.23,164678.18,3620660.66,0.1187,0.2076,0.4565,0.2173,5.71,11,En Observación
216,1520807.67,0.0,1520807.67,356139.58,267406.66,623546.24,102882.86,794378.57,4036130.95,0.5223,0.0677,0.2342,0.1758,11.33,35,Saludable
217,1411963.64,0.0,1411963.64,791854.63,305340.21,1097194.84,177884.5,136884.3,2111006.81,0.0969,0.126,0.5608,0.2163,2.67,17,Saludable
218,794655.52,468444.12,1263099.64,618148.68,453476.84,1071625.52,93844.52,97629.6,2274959.61,0.0773,0.0743,0.4894,0.359,3.68,34,Saludable
219,2109744.04,431388.14,2541132.18,1214183.36,1133116.99,2347300.35,39038.06,154793.77,3924624.13,0.0609,0.0154,0.4778,0.4459,3.23,22,Saludable
220,2196839.18,519174.28,2716013.46,598695.24,1017841.16,1616536.4,1282728.06,-183251.0,0.0,-0.0675,0.4723,0.2204,0.3748,0.0,39,En Riesgo
221,606316.93,124165.63,730482.56,135588.3,139029.96,274618.26,168606.54,287257.76,1617542.44,0.3932,0.2308,0.1856,0.1903,11.93,32,En Observación
222,2468074.26,0.0,2468074.26,511224.8,1073880.82,1585105.62,1352804.7,-469836.06,0.0,-0.1904,0.5481,0.2071,0.4351,0.0,15,En Riesgo
223,621735.58,148532.84,770268.42,505398.83,159507.42,664906.25,16426.55,88935.62,245439.36,0.1155,0.0213,0.6561,0.2071,0.49,5,Saludable
224,1186271.7,0.0,1186271.7,672405.1,475608.29,1148013.39,528470.86,-490212.55,0.0,-0.4132,0.4455,0.5668,0.4009,0.0,29,En Riesgo
225,1696649.2,0.0,1696649.2,1119896.62,624826.99,1744723.61,101217.65,-149292.06,0.0,-0.088,0.0597,0.6601,0.3683,0.0,35,Saludable
226,1571454.01,0.0,1571454.01,693329.82,294641.1,987970.92,247129.04,336354.05,2291724.92,0.214,0.1573,0.4412,0.1875,3.31,10,Saludable
227,1270829.09,574819.06,1845648.15,500892.16,600641.74,1101533.9,627048.56,117065.69,1026782.34,0.0634,0.3397,0.2714,0.3254,2.05,16,En Observación
228,481325.17,0.0,481325.17,259601.15,34036.87,293638.02,45167.86,142519.29,180458.65,0.2961,0.0938,0.5393,0.0707,0.7,13,Saludable
229,1348974.76,135714.52,1484689.28,828441.23,79749.76,908190.99,154911.84,421586.45,729686.92,0.284,0.1043,0.558,0.0537,0.88,24,Saludable
230,496528.38,0.0,496528.38,105224.75,97828.34,203053.09,249923.58,43551.71,914791.32,0.0877,0.5033,0.2119,0.197,8.69,4,En Riesgo
231,1467118.21,390012.13,1857130.34,768962.74,629516.69,1398479.43,320737.77,137913.14,1613992.7,0.0743,0.1727,0.4141,0.339,2.1,6,Saludable
232,608028.91,438005.49,1046034.4,377536.18,231963.88,609500.06,124124.01,312410.33,6414991.96,0.2987,0.1187,0.3609,0.2218,16.99,18,Saludable
233,2013733.24,0.0,2013733.24,1326517.09,631027.77,1957544.86,458451.28,-402262.9,0.0,-0.1998,0.2277,0.6587,0.3134,0.0,15,En Observación
234,1388752.98,299749.52,1688502.5,854986.51,441230.36,1296216.87,247626.56,144659.07,3638050.15,0.0857,0.1467,0.5064,0.2613,4.26,23,Saludable
235,1501983.69,282608.78,1784592.47,1324916.71,141333.9,1466250.61,631631.05,-313289.19,0.0,-0.1756,0.3539,0.7424,0.0792,0.0,18,En Observación
236,1682855.53,0.0,1682855.53,671895.55,556561.14,1228456.69,20807.11,433591.73,3677289.81,0.2577,0.0124,0.3993,0.3307,5.47,13,Saludable
237,2443489.45,196050.18,2639539.63,1324685.42,937801.12,2262486.54,257291.58,119761.51,2116040.44,0.0454,0.0975,0.5019,0.3553,1.6,15,Saludable
238,489668.16,0.0,489668.16,206651.28,143733.75,350385.03,22717.42,116565.71,2766676.33,0.2381,0.0464,0.422,0.2935,13.39,10,Saludable
239,1392108.45,310333.71,1702442.16,1095528.55,261663.29,1357191.84,446833.96,-101583.64,0.0,-0.0597,0.2625,0.6435,0.1537,0.0,21,En Observación
240,2075637.26,38323.19,2113960.45,1220587.97,593305.56,1813893.53,24438.45,275628.47,3548918.38,0.1304,0.0116,0.5774,0.2807,2.91,16,Saludable
241,2001323.7,0.0,2001323.7,1109678.47,192394.13,1302072.6,222381.07,476870.03,495397.99,0.2383,0.1111,0.5545,0.0961,0.45,9,Saludable
242,693714.05,0.0,693714.05,118776.43,257538.7,376315.13,74298.94,243099.98,4712466.12,0.3504,0.1071,0.1712,0.3712,39.68,4,Saludable
243,1557379.12,403995.43,1961374.55,356192.07,273168.53,629360.6,785003.31,547010.64,16989001.36,0.2789,0.4002,0.1816,0.1393,47.7,19,En Riesgo
244,1020062.03,0.0,1020062.03,157886.74,132881.91,290768.65,86267.68,643025.7,10190911.9,0.6304,0.0846,0.1548,0.1303,64.55,12,Saludable
245,1911419.34,0.0,1911419.34,1199576.43,210689.16,1410265.59,293568.28,207585.47,1599436.58,0.1086,0.1536,0.6276,0.1102,1.33,21,Saludable
246,303216.49,0.0,303216.49,199942.04,103362.26,303304.3,4727.86,-4815.67,0.0,-0.0159,0.0156,0.6594,0.3409,0.0,17,Saludable
247,504658.6,0.0,504658.6,347393.09,130153.31,477546.4,53053.26,-25941.06,0.0,-0.0514,0.1051,0.6884,0.2579,0.0,25,Saludable
248,464627.07,0.0,464627.07,190956.95,202432.12,393389.07,87883.58,-16645.58,0.0,-0.0358,0.1891,0.411,0.4357,0.0,20,Saludable
249,1296067.28,566132.81,1862200.09,431410.51,666776.85,1098187.36,30439.38,733573.35,1984705.27,0.3939,0.0163,0.2317,0.3581,4.6,13,Saludable
250,1294217.57,0.0,1294217.57,856111.09,111520.6,967631.69,253190.69,73395.19,608423.44,0.0567,0.1956,0.6615,0.0862,0.71,9,Saludable
251,500668.39,213445.65,714114.04,327118.36,229140.16,556258.52,27868.31,129987.21,2059531.36,0.182,0.039,0.4581,0.3209,6.3,15,Saludable
252,508395.61,476285.85,984681.46,219457.88,73523.87,292981.75,115349.52,576350.19,16287345.76,0.5853,0.1171,0.2229,0.0747,74.22,5,Saludable
253,1581112.36,487648.25,2068760.61,337373.71,156788.91,494162.62,687237.9,887360.09,15853726.49,0.4289,0.3322,0.1631,0.0758,46.99,2,En Observación
254,2373017.45,554479.04,2927496.49,1199962.74,994682.33,2194645.07,217861.24,514990.18,9219426.08,0.1759,0.0744,0.4099,0.3398,7.68,28,Saludable
255,2243532.36,371505.93,2615038.29,777897.71,439436.43,1217334.14,161606.31,1236097.84,2928349.83,0.4727,0.0618,0.2975,0.168,3.76,33,Saludable
256,848125.06,0.0,848125.06,403872.07,49031.8,452903.87,217972.89,177248.3,1776154.68,0.209,0.257,0.4762,0.0578,4.4,20,En Observación
257,1154438.8,191326.54,1345765.34,378714.67,549483.95,928198.62,157159.48,260407.24,8624111.3,0.1935,0.1168,0.2814,0.4083,22.77,10,Saludable
258,520295.54,0.0,520295.54,161248.02,195898.59,357146.61,71586.9,91562.03,2839531.01,0.176,0.1376,0.3099,0.3765,17.61,22,Saludable
259,2357453.27,0.0,2357453.27,599328.79,340935.96,940264.75,614625.23,802563.29,12530249.01,0.3404,0.2607,0.2542,0.1446,20.91,36,En Observación
260,1539934.27,0.0,1539934.27,404910.62,685582.56,1090493.18,203647.0,245794.09,406801.32,0.1596,0.1322,0.2629,0.4452,1.0,14,Saludable
261,343841.58,0.0,343841.58,120014.6,101658.11,221672.71,69151.31,53017.56,585953.67,0.1542,0.2011,0.349,0.2957,4.88,9,En Observación
262,1590540.19,0.0,1590540.19,977577.65,618071.76,1595649.41,625714.84,-630824.06,0.0,-0.3966,0.3934,0.6146,0.3886,0.0,19,En Riesgo
263,1009727.05,0.0,1009727.05,595144.45,226933.48,822077.93,225249.91,-37600.79,0.0,-0.0372,0.2231,0.5894,0.2247,0.0,39,En Observación
264,2031381.94,353370.09,2384752.03,608614.9,411916.53,1020531.43,1149945.88,214274.72,4774665.26,0.0899,0.4822,0.2552,0.1727,7.85,36,En Riesgo
265,371242.03,0.0,371242.03,260843.16,162237.47,423080.63,12300.84,-64139.44,0.0,-0.1728,0.0331,0.7026,0.437,0.0,20,Saludable
266,669352.32,0.0,669352.32,136036.23,223286.78,359323.01,64167.73,245861.58,797371.03,0.3673,0.0959,0.2032,0.3336,5.86,16,Saludable
267,2031444.01,0.0,2031444.01,363401.92,457660.07,821061.99,819697.39,390684.63,3150758.5,0.1923,0.4035,0.1789,0.2253,8.67,30,En Riesgo
268,2035205.99,0.0,2035205.99,1231189.98,285403.23,1516593.21,137769.43,380843.35,1411485.24,0.1871,0.0677,0.6049,0.1402,1.15,21,Saludable
269,674231.45,439191.05,1113422.5,532469.54,455667.79,988137.33,15549.73,109735.44,140582.96,0.0986,0.014,0.4782,0.4092,0.26,10,Saludable
270,1636098.78,0.0,1636098.78,297988.31,298486.31,596474.62,717475.3,322148.86,5603412.19,0.1969,0.4385,0.1821,0.1824,18.8,19,En Riesgo
271,822606.23,343061.88,1165668.11,762245.18,129897.36,892142.54,249617.21,23908.36,247819.72,0.0205,0.2141,0.6539,0.1114,0.33,1,En Observación
272,755296.56,0.0,755296.56,556075.47,180839.34,736914.81,315514.65,-297132.9,0.0,-0.3934,0.4177,0.7362,0.2394,0.0,24,En Riesgo
273,706738.69,0.0,706738.69,262653.07,161355.59,424008.66,27912.22,254817.81,552446.47,0.3606,0.0395,0.3716,0.2283,2.1,6,Saludable
274,488556.09,324869.4,813425.49,595771.8,232550.68,828322.48,67547.09,-82444.08,0.0,-0.1014,0.083,0.7324,0.2859,0.0,30,Saludable
275,1559971.44,179311.27,1739282.71,672898.25,681061.24,1353959.49,409919.35,-24596.13,0.0,-0.0141,0.2357,0.3869,0.3916,0.0,28,En Observación
276,680333.74,0.0,680333.74,498888.0,254025.93,752913.93,12877.29,-85457.48,0.0,-0.1256,0.0189,0.7333,0.3734,0.0,38,Saludable
277,867349.99,0.0,867349.99,605847.75,66616.63,672464.38,50492.67,144392.94,2586667.58,0.1665,0.0582,0.6985,0.0768,4.27,39,Saludable
278,1592667.39,0.0,1592667.39,346423.16,174965.55,521388.71,135359.35,935919.33,3564824.0,0.5876,0.085,0.2175,0.1099,10.29,18,Saludable
279,2208445.59,0.0,2208445.59,1494534.94,343754.83,1838289.77,216909.44,153246.38,1903954.33,0.0694,0.0982,0.6767,0.1557,1.27,25,Saludable
280,385321.57,0.0,385321.57,134437.33,55883.85,190321.18,43103.02,151897.37,2560027.3,0.3942,0.1119,0.3489,0.145,19.04,17,Saludable
281,2154262.45,0.0,2154262.45,1208349.97,945718.32,2154068.29,420236.43,-420042.27,0.0,-0.195,0.1951,0.5609,0.439,0.0,38,Saludable
282,1720220.59,126834.3,1847054.89,1190208.3,639779.03,1829987.33,210423.87,-193356.31,0.0,-0.1047,0.1139,0.6444,0.3464,0.0,32,Saludable
283,1187447.31,0.0,1187447.31,551654.45,329479.72,881134.17,30945.59,275367.55,113270.14,0.2319,0.0261,0.4646,0.2775,0.21,23,Saludable
284,1850194.68,494103.78,2344298.46,1062144.96,713051.02,1775195.98,362392.16,206710.32,1431758.21,0.0882,0.1546,0.4531,0.3042,1.35,37,Saludable
285,1512934.19,502592.26,2015526.45,615130.52,770632.67,1385763.19,629676.18,87.08,1204.95,0.0,0.3124,0.3052,0.3823,0.0,14,En Observación
286,1724235.76,0.0,1724235.76,537013.48,368646.57,905660.05,5186.25,813389.46,23558406.92,0.4717,0.003,0.3115,0.2138,43.87,38,Saludable
287,2061902.58,365006.33,2426908.91,1737188.63,813247.94,2550436.57,1271386.58,-1394914.24,0.0,-0.5748,0.5239,0.7158,0.3351,0.0,19,En Riesgo
288,1789831.54,0.0,1789831.54,694976.42,162740.15,857716.57,137328.51,794786.46,15709305.33,0.4441,0.0767,0.3883,0.0909,22.6,19,Saludable
289,1805708.9,0.0,1805708.9,635194.57,289984.75,925179.32,837902.92,42626.66,469389.9,0.0236,0.464,0.3518,0.1606,0.74,33,En Riesgo
290,1984043.65,0.0,1984043.65,1256411.3,735972.06,1992383.36,494184.7,-502524.41,0.0,-0.2533,0.2491,0.6333,0.3709,0.0,16,En Observación
291,2295205.44,0.0,2295205.44,1358851.72,650023.94,2008875.66,625219.02,-338889.24,0.0,-0.1477,0.2724,0.592,0.2832,0.0,30,En Observación
292,2294358.31,0.0,2294358.31,1042530.98,890595.78,1933126.76,289308.96,71922.59,176498.72,0.0313,0.1261,0.4544,0.3882,0.17,35,Saludable
293,1978420.08,407827.42,2386247.5,838478.4,204548.97,1043027.37,624317.49,718902.64,4583179.64,0.3013,0.2616,0.3514,0.0857,5.47,18,En Observación
294,1320273.38,32206.17,1352479.55,717677.11,381568.62,1099245.73,125913.42,127320.4,2423787.78,0.0941,0.0931,0.5306,0.2821,3.38,26,Saludable
295,418936.34,0.0,418936.34,97368.83,54511.43,151880.26,25713.8,241342.28,2595185.57,0.5761,0.0614,0.2324,0.1301,26.65,5,Saludable
296,1372677.86,0.0,1372677.86,351535.33,417018.97,768554.3,970.52,603153.04,12294003.87,0.4394,0.0007,0.2561,0.3038,34.97,5,Saludable
297,584693.11,0.0,584693.11,238347.71,129573.95,367921.66,88113.47,128657.98,4852809.29,0.22,0.1507,0.4076,0.2216,20.36,33,Saludable
298,719268.76,0.0,719268.76,378344.11,107551.72,485895.83,74824.6,158548.33,1513059.66,0.2204,0.104,0.526,0.1495,4.0,2,Saludable
299,956044.96,436699.15,1392744.11,707266.03,257844.37,965110.4,537158.02,-109524.31,0.0,-0.0786,0.3857,0.5078,0.1851,0.0,25,En Riesgo
300,342074.41,590927.71,933002.12,258174.88,54828.16,313003.04,157186.88,462812.2,5477832.12,0.496,0.1685,0.2767,0.0588,21.22,34,Saludable
301,1670896.51,0.0,1670896.51,298716.57,155803.38,454519.95,209560.5,1006816.06,2362908.82,0.6026,0.1254,0.1788,0.0932,7.91,9,Saludable
302,752088.81,0.0,752088.81,117012.03,164217.53,281229.56,171511.13,299348.12,5004375.13,0.398,0.228,0.1556,0.2183,42.77,32,En Observación
303,1881285.69,68407.53,1949693.22,416762.96,252404.68,669167.64,58417.5,1222108.08,17511060.81,0.6268,0.03,0.2138,0.1295,42.02,2,Saludable
304,1505905.28,0.0,1505905.28,847707.74,364829.01,1212536.75,52971.41,240397.12,3700299.34,0.1596,0.0352,0.5629,0.2423,4.37,5,Saludable
305,2014957.69,434145.75,2449103.44,1696904.5,753674.15,2450578.65,167794.65,-169269.86,0.0,-0.0691,0.0685,0.6929,0.3077,0.0,18,Saludable
306,1092472.26,0.0,1092472.26,443103.61,105271.09,548374.7,139494.38,404603.18,5616503.66,0.3704,0.1277,0.4056,0.0964,12.68,28,Saludable
307,2401196.14,439840.77,2841036.91,1061335.51,531527.01,1592862.52,596724.39,651450.0,11818006.49,0.2293,0.21,0.3736,0.1871,11.14,26,En Observación
308,1727462.26,0.0,1727462.26,376299.9,567415.99,943715.89,15196.42,768549.95,16704970.99,0.4449,0.0088,0.2178,0.3285,44.39,28,Saludable
309,698773.23,215159.35,913932.58,152891.54,295918.26,448809.8,304032.31,161090.47,438920.88,0.1763,0.3327,0.1673,0.3238,2.87,2,En Observación
310,439339.3,0.0,439339.3,69159.09,174563.96,243723.05,34585.97,161030.28,6016183.43,0.3665,0.0787,0.1574,0.3973,86.99,33,Saludable
311,1450826.99,0.0,1450826.99,300531.97,456553.93,757085.9,54096.33,639644.76,15504963.64,0.4409,0.0373,0.2071,0.3147,51.59,39,Saludable
312,420045.45,0.0,420045.45,102556.79,163623.76,266180.55,53673.69,100191.21,1019296.45,0.2385,0.1278,0.2442,0.3895,9.94,3,Saludable
313,1415244.53,0.0,1415244.53,533805.55,533322.62,1067128.17,16734.69,331381.67,3475436.0,0.2342,0.0118,0.3772,0.3768,6.51,31,Saludable
314,1939525.72,242063.8,2181589.52,374140.77,588242.74,962383.51,586340.35,632865.66,16347325.21,0.2901,0.2688,0.1715,0.2696,43.69,29,En Observación
315,2390781.29,32565.13,2423346.42,687626.65,561692.91,1249319.56,588785.2,585241.66,6072880.48,0.2415,0.243,0.2838,0.2318,8.83,14,En Observación
316,304833.29,380196.71,685030.0,431533.02,184325.29,615858.31,38418.92,30752.77,880978.3,0.0449,0.0561,0.6299,0.2691,2.04,26,Saludable
317,535315.31,0.0,535315.31,140534.21,225949.37,366483.58,116996.86,51834.87,135342.87,0.0968,0.2186,0.2625,0.4221,0.96,40,En Observación
318,2142425.72,0.0,2142425.72,1313922.07,493190.34,1807112.41,211604.18,123709.13,811851.06,0.0577,0.0988,0.6133,0.2302,0.62,27,Saludable
319,2145395.44,0.0,2145395.44,976154.37,897772.74,1873927.11,57025.4,214442.93,2513699.67,0.1,0.0266,0.455,0.4185,2.58,20,Saludable
320,1409042.26,587700.46,1996742.72,1396813.67,708743.55,2105557.22,81945.09,-190759.59,0.0,-0.0955,0.041,0.6995,0.3549,0.0,32,Saludable
321,957608.9,0.0,957608.9,638174.06,320559.33,958733.39,234506.44,-235630.93,0.0,-0.2461,0.2449,0.6664,0.3347,0.0,8,En Observación
322,2458938.09,0.0,2458938.09,1782719.96,618564.01,2401283.97,256090.52,-198436.4,0.0,-0.0807,0.1041,0.725,0.2516,0.0,26,Saludable
323,1783335.67,0.0,1783335.67,838777.1,715101.36,1553878.46,112988.5,116468.71,78083.29,0.0653,0.0634,0.4703,0.401,0.09,17,Saludable
324,1950407.04,171969.33,2122376.37,637427.31,818712.47,1456139.78,219855.33,446381.26,5130856.59,0.2103,0.1036,0.3003,0.3858,8.05,35,Saludable
325,2202651.27,0.0,2202651.27,1072167.67,319468.55,1391636.22,594326.55,216688.5,4689072.66,0.0984,0.2698,0.4868,0.145,4.37,20,En Observación
326,2424833.07,446201.98,2871035.05,780497.58,1141351.23,1921848.81,621463.04,327723.2,5281977.67,0.1141,0.2165,0.2719,0.3975,6.77,37,En Observación
327,1502553.3,0.0,1502553.3,925104.11,654686.41,1579790.52,66302.66,-143539.88,0.0,-0.0955,0.0441,0.6157,0.4357,0.0,24,Saludable
328,389395.31,158543.76,547939.07,135098.38,212822.65,347921.03,463.98,199554.06,5585090.05,0.3642,0.0008,0.2466,0.3884,41.34,40,Saludable
329,1654339.09,0.0,1654339.09,735073.42,461677.73,1196751.15,88859.25,368728.69,881976.14,0.2229,0.0537,0.4443,0.2791,1.2,32,Saludable
330,650615.08,0.0,650615.08,255073.8,123461.49,378535.29,86212.69,185867.1,5445939.81,0.2857,0.1325,0.3921,0.1898,21.35,30,Saludable
331,2492588.38,0.0,2492588.38,1841224.98,133407.02,1974632.0,540518.01,-22561.63,0.0,-0.0091,0.2169,0.7387,0.0535,0.0,20,En Observación
332,1139019.74,0.0,1139019.74,248334.11,173855.67,422189.78,175074.01,541755.95,7601871.39,0.4756,0.1537,0.218,0.1526,30.61,31,Saludable
333,396473.65,0.0,396473.65,105266.7,101321.97,206588.67,56391.15,133493.83,12644.62,0.3367,0.1422,0.2655,0.2556,0.12,40,Saludable
334,2001880.99,0.0,2001880.99,809812.25,183313.69,993125.94,511303.29,497451.76,13266696.85,0.2485,0.2554,0.4045,0.0916,16.38,9,En Observación
335,352256.48,0.0,352256.48,60845.89,27933.66,88779.55,66148.91,197328.02,4315628.88,0.5602,0.1878,0.1727,0.0793,70.93,28,Saludable
336,1686477.98,0.0,1686477.98,270063.44,538525.29,808588.73,415233.5,462655.75,9078643.67,0.2743,0.2462,0.1601,0.3193,33.62,4,En Observación
337,1086940.31,0.0,1086940.31,352062.1,352550.68,704612.78,98895.13,283432.4,2749250.09,0.2608,0.091,0.3239,0.3244,7.81,10,Saludable
338,1473629.08,234595.54,1708224.62,1073603.4,458299.22,1531902.62,801707.84,-625385.84,0.0,-0.3661,0.4693,0.6285,0.2683,0.0,23,En Riesgo
339,2406261.63,524860.16,2931121.79,688298.68,195532.95,883831.63,251806.19,1795483.97,13133129.95,0.6126,0.0859,0.2348,0.0667,19.08,22,Saludable
340,765821.27,0.0,765821.27,506112.37,81929.13,588041.5,21135.83,156643.94,3066982.53,0.2045,0.0276,0.6609,0.107,6.06,3,Saludable
341,2173052.99,0.0,2173052.99,1622374.92,509594.14,2131969.06,179167.55,-138083.62,0.0,-0.0635,0.0824,0.7466,0.2345,0.0,21,Saludable
342,1085704.39,0.0,1085704.39,315635.66,178115.08,493750.74,11368.77,580584.88,12736689.99,0.5348,0.0105,0.2907,0.1641,40.35,9,Saludable
343,1544214.42,189799.9,1734014.32,705716.84,90052.14,795768.98,64030.68,874214.66,11127821.66,0.5042,0.0369,0.407,0.0519,15.77,21,Saludable
344,2231348.82,0.0,2231348.82,814988.91,384213.09,1199202.0,393533.0,638613.82,8410083.6,0.2862,0.1764,0.3652,0.1722,10.32,34,Saludable
345,732150.24,0.0,732150.24,385090.04,249641.37,634731.41,203126.36,-105707.53,0.0,-0.1444,0.2774,0.526,0.341,0.0,13,En Observación
346,2293867.87,0.0,2293867.87,1092068.27,1031073.58,2123141.85,162441.61,8284.41,221050.11,0.0036,0.0708,0.4761,0.4495,0.2,18,Saludable
347,594538.77,0.0,594538.77,121483.54,116259.81,237743.35,321645.51,35149.91,849707.24,0.0591,0.541,0.2043,0.1955,6.99,8,En Riesgo
348,1281684.98,569227.1,1850912.08,1009946.45,809022.98,1818969.43,204318.43,-172375.78,0.0,-0.0931,0.1104,0.5456,0.4371,0.0,23,Saludable
349,814841.07,0.0,814841.07,375422.65,298707.85,674130.5,47435.13,93275.44,855620.47,0.1145,0.0582,0.4607,0.3666,2.28,33,Saludable
350,1693847.36,445145.82,2138993.18,1063462.19,594777.13,1658239.32,955958.2,-475204.34,0.0,-0.2222,0.4469,0.4972,0.2781,0.0,14,En Riesgo
351,1436017.92,520631.65,1956649.57,865067.92,475160.68,1340228.6,177334.37,439086.6,1071256.55,0.2244,0.0906,0.4421,0.2428,1.24,13,Saludable
352,630528.9,361212.17,991741.07,634885.9,311846.89,946732.79,197885.78,-152877.5,0.0,-0.1542,0.1995,0.6402,0.3144,0.0,26,Saludable
353,349381.28,344091.91,693473.19,171064.22,209301.42,380365.64,4076.67,309030.88,2328243.87,0.4456,0.0059,0.2467,0.3018,13.61,38,Saludable
354,2432336.11,0.0,2432336.11,1646947.89,829888.09,2476835.98,710456.38,-754956.25,0.0,-0.3104,0.2921,0.6771,0.3412,0.0,14,En Observación
355,2126799.86,0.0,2126799.86,1333013.59,804315.88,2137329.47,529461.11,-539990.72,0.0,-0.2539,0.2489,0.6268,0.3782,0.0,37,En Observación
356,451454.37,79327.92,530782.29,84892.03,137517.48,222409.51,134104.89,174267.89,1237133.9,0.3283,0.2527,0.1599,0.2591,14.57,38,En Observación
357,385880.44,0.0,385880.44,174417.0,37432.94,211849.94,65425.77,108604.73,3497766.22,0.2814,0.1695,0.452,0.097,20.05,27,Saludable
358,1448497.31,26062.97,1474560.28,689931.88,209084.54,899016.42,395821.14,179722.72,4726728.49,0.1219,0.2684,0.4679,0.1418,6.85,36,En Observación
359,514977.2,286284.74,801261.94,231971.53,315393.77,547365.3,34045.62,219851.02,5671477.37,0.2744,0.0425,0.2895,0.3936,24.45,36,Saludable
360,1449589.39,0.0,1449589.39,543622.01,191588.57,735210.58,174882.92,539495.89,6084362.96,0.3722,0.1206,0.375,0.1322,11.19,34,Saludable
361,1231835.4,165336.33,1397171.73,780129.59,491788.75,1271918.34,86602.61,38650.78,407987.72,0.0277,0.062,0.5584,0.352,0.52,19,Saludable
362,1570832.54,0.0,1570832.54,610861.98,165294.64,776156.62,263684.45,530991.47,7081287.03,0.338,0.1679,0.3889,0.1052,11.59,32,Saludable
363,1181233.99,330345.73,1511579.72,858931.66,502926.72,1361858.38,36445.25,113276.09,671625.06,0.0749,0.0241,0.5682,0.3327,0.78,27,Saludable
364,493909.52,222501.08,716410.6,369250.43,243434.81,612685.24,100012.89,3712.47,45292.22,0.0052,0.1396,0.5154,0.3398,0.12,11,Saludable
365,1708640.89,0.0,1708640.89,463083.28,534383.74,997467.02,329598.5,381575.37,3603046.92,0.2233,0.1929,0.271,0.3128,7.78,10,Saludable
366,1782853.64,393011.47,2175865.11,1600104.09,184376.55,1784480.64,90060.21,301324.26,681921.43,0.1385,0.0414,0.7354,0.0847,0.43,4,Saludable
367,2322190.33,0.0,2322190.33,1360067.92,635457.04,1995524.96,203052.0,123613.37,3039762.26,0.0532,0.0874,0.5857,0.2736,2.24,25,Saludable
368,1564794.79,244280.78,1809075.57,386923.23,142834.45,529757.68,905868.47,373449.42,12153565.02,0.2064,0.5007,0.2139,0.079,31.41,36,En Riesgo
369,850311.28,0.0,850311.28,319928.06,207009.95,526938.01,170869.3,152503.97,5295237.97,0.1794,0.2009,0.3762,0.2435,16.55,30,En Observación
370,555790.26,380197.08,935987.34,698732.16,300232.16,998964.32,32281.75,-95258.73,0.0,-0.1018,0.0345,0.7465,0.3208,0.0,15,Saludable
371,932037.08,449272.88,1381309.96,490635.4,375468.5,866103.9,272229.83,242976.23,1553339.95,0.1759,0.1971,0.3552,0.2718,3.17,12,Saludable
372,1397798.55,441257.44,1839055.99,1238871.79,244063.79,1482935.58,55934.86,300185.55,1300730.71,0.1632,0.0304,0.6736,0.1327,1.05,31,Saludable
373,1650419.35,0.0,1650419.35,783758.36,110421.72,894180.08,698267.83,57971.44,2025316.09,0.0351,0.4231,0.4749,0.0669,2.58,31,En Riesgo
374,702318.1,0.0,702318.1,320734.76,146891.09,467625.85,79028.63,155663.62,1734035.31,0.2216,0.1125,0.4567,0.2092,5.41,22,Saludable
375,1166177.23,0.0,1166177.23,297235.51,513821.04,811056.55,122141.54,232979.14,1454598.06,0.1998,0.1047,0.2549,0.4406,4.89,20,Saludable
376,1095525.12,0.0,1095525.12,287346.89,169959.34,457306.23,44271.52,593947.37,6138528.46,0.5422,0.0404,0.2623,0.1551,21.36,23,Saludable
377,1103171.57,0.0,1103171.57,463814.58,307303.76,771118.34,278994.06,53059.17,1228431.62,0.0481,0.2529,0.4204,0.2786,2.65,24,En Observación
378,731339.07,0.0,731339.07,433775.64,174932.51,608708.15,243987.82,-121356.9,0.0,-0.1659,0.3336,0.5931,0.2392,0.0,20,En Observación
379,2027732.46,337283.07,2365015.53,1160514.8,495141.45,1655656.25,244971.8,464387.48,7422277.31,0.1964,0.1036,0.4907,0.2094,6.4,21,Saludable
380,871492.07,334494.89,1205986.96,767019.2,226310.82,993330.02,244409.63,-31752.69,0.0,-0.0263,0.2027,0.636,0.1877,0.0,34,En Observación
381,683985.44,0.0,683985.44,248331.46,218380.91,466712.37,50015.79,167257.28,1498436.02,0.2445,0.0731,0.3631,0.3193,6.03,9,Saludable
382,2210166.83,0.0,2210166.83,1562897.37,483422.27,2046319.64,202996.13,-39148.94,0.0,-0.0177,0.0918,0.7071,0.2187,0.0,18,Saludable
383,1862953.67,0.0,1862953.67,721472.02,754639.17,1476111.19,218237.77,168604.71,1231519.21,0.0905,0.1171,0.3873,0.4051,1.71,1,Saludable
384,575087.8,150988.21,726076.01,432977.43,254051.02,687028.45,235167.62,-196120.06,0.0,-0.2701,0.3239,0.5963,0.3499,0.0,25,En Observación
385,1452762.14,0.0,1452762.14,308504.27,431820.28,740324.55,18372.63,694064.96,12879530.17,0.4778,0.0126,0.2124,0.2972,41.75,8,Saludable
386,588809.64,0.0,588809.64,98415.28,185722.13,284137.41,246734.02,57938.21,614702.84,0.0984,0.419,0.1671,0.3154,6.25,28,En Riesgo
387,597252.8,0.0,597252.8,282842.53,171012.81,453855.34,40900.78,102496.68,1842331.68,0.1716,0.0685,0.4736,0.2863,6.51,22,Saludable
388,1359633.7,53732.41,1413366.11,473083.19,303706.26,776789.45,214242.8,422333.86,1156529.87,0.2988,0.1516,0.3347,0.2149,2.44,34,Saludable
389,318297.64,0.0,318297.64,228593.25,76654.61,305247.86,436.03,12613.75,2085.5,0.0396,0.0014,0.7182,0.2408,0.01,26,Saludable
390,2240756.55,0.0,2240756.55,672087.3,752838.61,1424925.91,217126.22,598704.42,10309839.17,0.2672,0.0969,0.2999,0.336,15.34,39,Saludable
391,2076664.87,0.0,2076664.87,666206.78,720957.31,1387164.09,251943.68,437557.1,3983310.69,0.2107,0.1213,0.3208,0.3472,5.98,39,Saludable
392,1296087.91,0.0,1296087.91,577015.24,231037.38,808052.62,395997.27,92038.02,385617.14,0.071,0.3055,0.4452,0.1783,0.67,28,En Observación
393,1899635.55,90410.22,1990045.77,887854.41,371671.18,1259525.59,93007.78,637512.4,10847704.32,0.3204,0.0467,0.4461,0.1868,12.22,9,Saludable
394,423284.36,0.0,423284.36,81622.27,100766.53,182388.8,116924.22,123971.34,539591.98,0.2929,0.2762,0.1928,0.2381,6.61,15,En Observación
395,1146555.38,0.0,1146555.38,342014.39,513443.74,855458.13,298446.55,-7349.3,0.0,-0.0064,0.2603,0.2983,0.4478,0.0,19,En Observación
396,2359673.54,436942.25,2796615.79,1669117.48,754616.37,2423733.85,51237.43,321644.51,542833.95,0.115,0.0183,0.5968,0.2698,0.33,7,Saludable
397,819124.84,0.0,819124.84,130274.13,301238.2,431512.33,295517.58,92094.93,1775621.25,0.1124,0.3608,0.159,0.3678,13.63,38,En Riesgo
398,640982.27,0.0,640982.27,191803.27,160224.85,352028.12,128685.73,160268.42,214806.87,0.25,0.2008,0.2992,0.25,1.12,9,En Observación
399,1842921.91,0.0,1842921.91,415572.39,263666.57,679238.96,494426.97,669255.98,5006749.4,0.3631,0.2683,0.2255,0.1431,12.05,24,En Observación
400,1087968.49,539197.83,1627166.32,717875.32,366112.42,1083987.74,71932.45,471246.13,5657217.93,0.2896,0.0442,0.4412,0.225,7.88,17,Saludable
401,2208856.05,0.0,2208856.05,1471841.45,252113.01,1723954.46,175980.92,308920.67,5041424.87,0.1399,0.0797,0.6663,0.1141,3.43,32,Saludable
402,1133895.85,11231.91,1145127.76,760476.57,412711.63,1173188.2,41016.17,-69076.61,0.0,-0.0603,0.0358,0.6641,0.3604,0.0,31,Saludable
403,1984615.01,169877.45,2154492.46,852926.33,385243.98,1238170.31,669927.18,246394.97,519969.35,0.1144,0.3109,0.3959,0.1788,0.61,6,En Observación
404,1367814.63,342607.31,1710421.94,1114818.33,535650.28,1650468.61,134906.46,-74953.13,0.0,-0.0438,0.0789,0.6518,0.3132,0.0,13,Saludable
405,1742648.6,0.0,1742648.6,1131408.71,413397.47,1544806.18,846699.56,-648857.14,0.0,-0.3723,0.4859,0.6492,0.2372,0.0,3,En Riesgo
406,2112014.53,24391.89,2136406.42,410687.55,366525.77,777213.32,628291.52,730901.58,6582170.7,0.3421,0.2941,0.1922,0.1716,16.03,33,En Observación
407,1745128.33,0.0,1745128.33,1253878.21,477064.67,1730942.88,457077.48,-442892.03,0.0,-0.2538,0.2619,0.7185,0.2734,0.0,27,En Observación
408,2242212.84,108237.92,2350450.76,918871.83,434845.49,1353717.32,55767.9,940965.54,12728934.15,0.4003,0.0237,0.3909,0.185,13.85,20,Saludable
409,2158678.83,0.0,2158678.83,1143979.96,821295.24,1965275.2,104734.0,88669.63,1703939.7,0.0411,0.0485,0.5299,0.3805,1.49,23,Saludable
410,2415633.91,0.0,2415633.91,937880.34,822584.49,1760464.83,1037278.85,-382109.77,0.0,-0.1582,0.4294,0.3883,0.3405,0.0,14,En Riesgo
411,772610.19,462913.84,1235524.03,884646.01,468183.28,1352829.29,280081.84,-397387.1,0.0,-0.3216,0.2267,0.716,0.3789,0.0,9,En Observación
412,604498.03,349293.42,953791.45,276405.41,357127.84,633533.25,200267.34,119990.86,3168181.41,0.1258,0.21,0.2898,0.3744,11.46,11,En Observación
413,1374208.08,0.0,1374208.08,785646.77,519184.2,1304830.97,338519.94,-269142.83,0.0,-0.1959,0.2463,0.5717,0.3778,0.0,21,En Observación
414,1065446.46,0.0,1065446.46,426085.92,423123.35,849209.27,196050.3,20186.89,8307.0,0.0189,0.184,0.3999,0.3971,0.02,24,Saludable
415,419081.49,0.0,419081.49,143154.01,115651.89,258805.9,106725.51,53550.08,2257159.52,0.1278,0.2547,0.3416,0.276,15.77,38,En Observación
416,1565560.68,259161.4,1824722.08,1134650.47,199268.7,1333919.17,92012.02,398790.89,2482811.15,0.2185,0.0504,0.6218,0.1092,2.19,27,Saludable
417,2002415.3,80922.46,2083337.76,1011622.37,510718.67,1522341.04,373781.83,187214.89,604901.97,0.0899,0.1794,0.4856,0.2451,0.6,27,Saludable
418,1011505.61,0.0,1011505.61,206101.14,322365.85,528466.99,204573.14,278465.48,139372.97,0.2753,0.2022,0.2038,0.3187,0.68,22,En Observación
419,1655686.19,0.0,1655686.19,687649.63,179356.16,867005.79,11145.47,777534.93,22641330.87,0.4696,0.0067,0.4153,0.1083,32.93,7,Saludable
420,1927079.59,372601.47,2299681.06,548718.27,880727.03,1429445.3,99237.59,770998.17,7829851.15,0.3353,0.0432,0.2386,0.383,14.27,34,Saludable
421,766125.69,0.0,766125.69,459838.67,206486.21,666324.88,228953.08,-129152.27,0.0,-0.1686,0.2988,0.6002,0.2695,0.0,33,En Observación
422,395660.42,170408.12,566068.54,352951.15,168227.59,521178.74,4507.48,40382.32,420797.91,0.0713,0.008,0.6235,0.2972,1.19,23,Saludable
423,2201421.0,520446.27,2721867.27,1468846.65,387777.48,1856624.13,155432.72,709810.42,17240724.07,0.2608,0.0571,0.5396,0.1425,11.74,11,Saludable
424,737525.44,0.0,737525.44,358741.61,247061.93,605803.54,4397.76,127324.14,1080030.31,0.1726,0.006,0.4864,0.335,3.01,22,Saludable
425,1081831.89,597596.65,1679428.54,1237995.27,269298.57,1507293.84,666384.9,-494250.2,0.0,-0.2943,0.3968,0.7372,0.1604,0.0,17,En Riesgo
426,796281.93,235707.96,1031989.89,239789.46,352895.0,592684.46,259751.07,179554.36,2200206.19,0.174,0.2517,0.2324,0.342,9.18,27,En Observación
427,2435181.78,0.0,2435181.78,846398.18,649934.19,1496332.37,415896.12,522953.29,9387944.79,0.2147,0.1708,0.3476,0.2669,11.09,33,Saludable
428,2301037.97,0.0,2301037.97,1600144.7,823817.61,2423962.31,226502.13,-349426.47,0.0,-0.1519,0.0984,0.6954,0.358,0.0,11,Saludable
429,998714.7,0.0,998714.7,585494.22,355716.21,941210.43,131850.1,-74345.83,0.0,-0.0744,0.132,0.5862,0.3562,0.0,17,Saludable
430,634305.52,78927.53,713233.05,118196.22,316948.1,435144.32,171775.53,106313.2,285876.88,0.1491,0.2408,0.1657,0.4444,2.42,5,En Observación
431,1813910.83,0.0,1813910.83,818789.83,529452.83,1348242.66,193730.88,271937.29,638016.44,0.1499,0.1068,0.4514,0.2919,0.78,2,Saludable
432,1198896.15,0.0,1198896.15,845534.76,515620.32,1361155.08,40022.91,-202281.84,0.0,-0.1687,0.0334,0.7053,0.4301,0.0,28,Saludable
433,2207683.81,0.0,2207683.81,761512.66,514430.0,1275942.66,465225.24,466515.91,3715439.17,0.2113,0.2107,0.3449,0.233,4.88,39,En Observación
434,2366106.09,0.0,2366106.09,1116081.91,725347.64,1841429.55,249900.75,274775.79,9464277.63,0.1161,0.1056,0.4717,0.3066,8.48,15,Saludable
435,1441145.84,441102.05,1882247.89,912176.05,482703.74,1394879.79,178055.54,309312.56,3543416.67,0.1643,0.0946,0.4846,0.2565,3.88,29,Saludable
436,666270.52,551419.69,1217690.21,686742.91,501043.31,1187786.22,84674.33,-54770.34,0.0,-0.045,0.0695,0.564,0.4115,0.0,34,Saludable
437,597674.68,0.0,597674.68,251341.04,72648.21,323989.25,52922.49,220762.94,1833578.45,0.3694,0.0885,0.4205,0.1216,7.3,10,Saludable
438,1880424.38,68498.96,1948923.34,817844.34,380385.7,1198230.04,153131.97,597561.33,13092599.04,0.3066,0.0786,0.4196,0.1952,16.01,24,Saludable
439,396593.38,201115.88,597709.26,402128.77,236136.39,638265.16,14535.46,-55091.36,0.0,-0.0922,0.0243,0.6728,0.3951,0.0,28,Saludable
440,935317.18,539125.15,1474442.33,1070828.97,75805.74,1146634.71,169279.8,158527.82,3903953.31,0.1075,0.1148,0.7263,0.0514,3.65,31,Saludable
441,823332.38,0.0,823332.38,358501.31,176242.98,534744.29,9806.5,278781.59,4987203.05,0.3386,0.0119,0.4354,0.2141,13.91,13,Saludable
442,407621.36,391966.13,799587.49,137555.14,313063.86,450619.0,299533.78,49434.71,58922.38,0.0618,0.3746,0.172,0.3915,0.43,11,En Riesgo
443,654937.5,396554.77,1051492.27,599253.95,293274.9,892528.85,88668.75,70294.67,89940.76,0.0669,0.0843,0.5699,0.2789,0.15,20,Saludable
444,1110852.74,40600.01,1151452.75,467943.84,311109.21,779053.05,50577.45,321822.25,4715112.72,0.2795,0.0439,0.4064,0.2702,10.08,13,Saludable
445,1646518.24,437837.11,2084355.35,1099262.25,927279.06,2026541.31,1111947.13,-1054133.09,0.0,-0.5057,0.5335,0.5274,0.4449,0.0,20,En Riesgo
446,871252.09,0.0,871252.09,456489.47,366659.6,823149.07,80280.21,-32177.19,0.0,-0.0369,0.0921,0.5239,0.4208,0.0,14,Saludable
447,1858891.55,0.0,1858891.55,280596.98,110780.12,391377.1,311715.4,1155799.05,27959245.23,0.6218,0.1677,0.1509,0.0596,99.64,21,Saludable
448,1069230.1,0.0,1069230.1,296607.38,327448.86,624056.24,110668.05,334505.81,6559087.85,0.3128,0.1035,0.2774,0.3062,22.11,7,Saludable
449,1808838.74,434637.99,2243476.73,1165701.55,138303.5,1304005.05,447746.86,491724.82,16502288.56,0.2192,0.1996,0.5196,0.0616,14.16,8,Saludable
450,1359290.15,0.0,1359290.15,931433.18,359922.39,1291355.57,363743.81,-295809.23,0.0,-0.2176,0.2676,0.6852,0.2648,0.0,20,En Observación
451,1521389.86,346438.59,1867828.45,651931.11,777903.07,1429834.18,298725.46,139268.81,1084373.94,0.0746,0.1599,0.349,0.4165,1.66,34,Saludable
452,2153292.7,0.0,2153292.7,826304.03,620313.56,1446617.59,279258.49,427416.62,327272.61,0.1985,0.1297,0.3837,0.2881,0.4,31,Saludable
453,2229507.21,497674.48,2727181.69,904271.33,709176.78,1613448.11,71593.73,1042139.85,2624418.21,0.3821,0.0263,0.3316,0.26,2.9,30,Saludable
454,2290902.76,204069.54,2494972.3,1097995.31,996870.27,2094865.58,116150.46,283956.26,7676831.5,0.1138,0.0466,0.4401,0.3996,6.99,8,Saludable
455,751411.64,232552.93,983964.57,658160.24,94789.63,752949.87,503820.37,-272805.67,0.0,-0.2773,0.512,0.6689,0.0963,0.0,6,En Riesgo
456,1445270.97,0.0,1445270.97,487762.3,406155.73,893918.03,67669.66,483683.28,2828820.03,0.3347,0.0468,0.3375,0.281,5.8,28,Saludable
457,1776472.89,94497.61,1870970.5,409136.79,810727.48,1219864.27,157056.49,494049.74,5538945.56,0.2641,0.0839,0.2187,0.4333,13.54,18,Saludable
458,1562982.47,186826.54,1749809.01,1199224.37,465853.12,1665077.49,13314.17,71417.35,372314.67,0.0408,0.0076,0.6853,0.2662,0.31,25,Saludable
459,693762.59,0.0,693762.59,350803.64,266730.74,617534.38,168200.87,-91972.66,0.0,-0.1326,0.2424,0.5057,0.3845,0.0,34,En Observación
460,472800.34,0.0,472800.34,287773.22,131020.41,418793.63,6589.62,47417.09,466249.82,0.1003,0.0139,0.6087,0.2771,1.62,29,Saludable
461,1335200.92,0.0,1335200.92,315418.53,545136.29,860554.82,461763.57,12882.53,164642.24,0.0096,0.3458,0.2362,0.4083,0.52,20,En Observación
462,1297222.75,285200.62,1582423.37,571040.41,371073.02,942113.43,40542.05,599767.89,2302034.95,0.379,0.0256,0.3609,0.2345,4.03,6,Saludable
463,1016913.4,0.0,1016913.4,636037.19,267548.11,903585.3,61139.35,52188.75,1180979.78,0.0513,0.0601,0.6255,0.2631,1.86,21,Saludable
464,758123.92,0.0,758123.92,309836.98,335153.01,644989.99,64502.46,48631.47,1131773.85,0.0641,0.0851,0.4087,0.4421,3.65,36,Saludable
465,2140846.03,357645.3,2498491.33,862546.31,222519.54,1085065.85,490217.39,923208.09,19064196.36,0.3695,0.1962,0.3452,0.0891,22.1,24,Saludable
466,1020298.13,0.0,1020298.13,190682.84,139826.46,330509.3,241928.18,447860.65,10922160.96,0.439,0.2371,0.1869,0.137,57.28,28,En Observación
467,1468762.81,346758.85,1815521.66,485470.44,585699.48,1071169.92,86218.5,658133.24,15449675.28,0.3625,0.0475,0.2674,0.3226,31.82,22,Saludable
468,2478636.36,0.0,2478636.36,1281193.39,629993.89,1911187.28,782264.18,-214815.1,0.0,-0.0867,0.3156,0.5169,0.2542,0.0,35,En Observación
469,2105657.22,516748.7,2622405.92,1755458.93,377879.43,2133338.36,276226.62,212840.94,2311462.53,0.0812,0.1053,0.6694,0.1441,1.32,11,Saludable
470,1344717.11,230757.03,1575474.14,1110219.65,608109.5,1718329.15,36456.62,-179311.63,0.0,-0.1138,0.0231,0.7047,0.386,0.0,31,Saludable
471,1747438.73,0.0,1747438.73,404471.69,183285.54,587757.23,487575.45,672106.05,19379077.4,0.3846,0.279,0.2315,0.1049,47.91,29,En Observación
472,1420712.81,0.0,1420712.81,596738.39,272951.45,869689.84,341945.67,209077.3,1339246.79,0.1472,0.2407,0.42,0.1921,2.24,26,En Observación
473,2338441.79,0.0,2338441.79,397715.46,152340.16,550055.62,1040763.73,747622.44,2062552.18,0.3197,0.4451,0.1701,0.0651,5.19,33,En Riesgo
474,2463874.02,0.0,2463874.02,1521003.37,581411.52,2102414.89,28914.03,332545.1,10338658.39,0.135,0.0117,0.6173,0.236,6.8,4,Saludable
475,1804962.84,0.0,1804962.84,898469.1,532853.27,1431322.37,244640.68,128999.79,3435886.99,0.0715,0.1355,0.4978,0.2952,3.82,21,Saludable
476,1226235.44,0.0,1226235.44,771221.08,203166.83,974387.91,353682.69,-101835.16,0.0,-0.083,0.2884,0.6289,0.1657,0.0,30,En Observación
477,1571910.39,0.0,1571910.39,854792.19,262039.48,1116831.67,173864.31,281214.41,782323.34,0.1789,0.1106,0.5438,0.1667,0.92,16,Saludable
478,591585.28,514715.03,1106300.31,175372.72,104677.87,280050.59,28976.3,797273.42,12407738.8,0.7207,0.0262,0.1585,0.0946,70.75,15,Saludable
479,1366820.73,0.0,1366820.73,911954.62,255785.74,1167740.36,17304.25,181776.12,3875811.14,0.133,0.0127,0.6672,0.1871,4.25,24,Saludable
480,823484.37,0.0,823484.37,438542.32,110629.11,549171.43,166147.32,108165.62,203634.53,0.1314,0.2018,0.5325,0.1343,0.46,25,En Observación
481,1347710.27,0.0,1347710.27,968937.73,564668.63,1533606.36,47236.16,-233132.25,0.0,-0.173,0.035,0.719,0.419,0.0,18,Saludable
482,2339889.56,0.0,2339889.56,1303543.22,1017161.9,2320705.12,365379.94,-346195.5,0.0,-0.148,0.1562,0.5571,0.4347,0.0,17,Saludable
483,1036928.29,58966.07,1095894.36,594638.82,226260.0,820898.82,287522.83,-12527.29,0.0,-0.0114,0.2624,0.5426,0.2065,0.0,11,En Observación
484,989193.62,5085.7,994279.32,189679.83,213272.42,402952.25,251378.6,339948.47,1019270.06,0.3419,0.2528,0.1908,0.2145,5.37,39,En Observación
485,502270.82,0.0,502270.82,273216.9,192964.24,466181.14,71610.43,-35520.75,0.0,-0.0707,0.1426,0.544,0.3842,0.0,36,Saludable
486,2067040.14,66507.05,2133547.19,555912.35,358067.78,913980.13,881925.07,337641.99,8631563.22,0.1583,0.4134,0.2606,0.1678,15.53,20,En Riesgo
487,866140.51,0.0,866140.51,274023.03,64921.52,338944.55,259317.09,267878.87,621938.34,0.3093,0.2994,0.3164,0.075,2.27,12,En Observación
488,1642664.15,295234.38,1937898.53,457971.08,692765.64,1150736.72,477693.39,309468.42,420730.41,0.1597,0.2465,0.2363,0.3575,0.92,36,En Observación
489,1900599.33,0.0,1900599.33,306488.51,473402.33,779890.84,186125.31,934583.18,3044420.64,0.4917,0.0979,0.1613,0.2491,9.93,25,Saludable
490,1564208.55,0.0,1564208.55,1116761.44,385220.43,1501981.87,432671.62,-370444.94,0.0,-0.2368,0.2766,0.7139,0.2463,0.0,30,En Observación
491,566648.03,0.0,566648.03,422130.59,103909.58,526040.17,89688.6,-49080.74,0.0,-0.0866,0.1583,0.745,0.1834,0.0,21,Saludable
492,477004.93,0.0,477004.93,290927.62,147450.35,438377.97,12637.17,25989.79,720635.97,0.0545,0.0265,0.6099,0.3091,2.48,40,Saludable
493,1815453.68,0.0,1815453.68,1236557.23,408828.37,1645385.6,556148.17,-386080.09,0.0,-0.2127,0.3063,0.6811,0.2252,0.0,34,En Observación
494,1715496.8,0.0,1715496.8,1250549.66,642815.92,1893365.58,248723.23,-426592.01,0.0,-0.2487,0.145,0.729,0.3747,0.0,13,Saludable
495,2075628.15,0.0,2075628.15,882188.08,666756.37,1548944.45,923315.01,-396631.31,0.0,-0.1911,0.4448,0.425,0.3212,0.0,1,En Riesgo
496,1336683.2,0.0,1336683.2,237235.89,441798.83,679034.72,26173.14,631475.34,12820890.67,0.4724,0.0196,0.1775,0.3305,54.04,10,Saludable
497,2137774.75,490482.24,2628256.99,574294.68,756914.26,1331208.94,242704.5,1054343.55,30589682.45,0.4012,0.0923,0.2185,0.288,53.26,25,Saludable
498,1013316.87,0.0,1013316.87,502179.78,106329.12,608508.9,272547.03,132260.94,652837.68,0.1305,0.269,0.4956,0.1049,1.3,9,En Observación
499,1966610.19,221956.41,2188566.6,544961.13,322721.31,867682.44,372068.65,948815.51,5678379.47,0.4335,0.17,0.249,0.1475,10.42,31,Saludable
500,477589.74,555682.17,1033271.91,593144.31,297057.62,890201.93,43975.78,99094.2,194097.52,0.0959,0.0426,0.574,0.2875,0.33,17,Saludable
